{
  "RandomForest": {
    "accuracy": 0.9590464547677262,
    "precision": 0.9132653061224489,
    "recall": 0.8661290322580645,
    "f1": 0.8890728476821192,
    "roc_auc": 0.9897478470296307,
    "pr_auc": 0.9645248758302443,
    "specificity": 0.9807692307692307,
    "balanced_accuracy": 0.9234491315136476,
    "mcc": 0.8644381554518002,
    "tp": 537,
    "fp": 51,
    "fn": 83,
    "tn": 2601,
    "threshold": 0.5123115577889448
  },
  "LogisticRegression": {
    "accuracy": 0.969437652811736,
    "precision": 0.8903903903903904,
    "recall": 0.9564516129032258,
    "f1": 0.9222395023328149,
    "roc_auc": 0.9950445190483141,
    "pr_auc": 0.9794538600050374,
    "specificity": 0.972473604826546,
    "balanced_accuracy": 0.9644626088648859,
    "mcc": 0.9041469825877576,
    "tp": 593,
    "fp": 73,
    "fn": 27,
    "tn": 2579,
    "threshold": 0.6945226130653267
  }
}