{
  "dataset": "cmapss",
  "cmapss_subset": "FD001",
  "n_test_windows": 3272,
  "positive_rate": 0.18948655256723718,
  "cost_matrix": {
    "cost_fn": 50000,
    "cost_fp": 5000
  },
  "models": [
    "LSTM",
    "CNN1D",
    "RandomForest",
    "LogisticRegression"
  ],
  "metrics": {
    "LSTM": {
      "accuracy": 0.9703545232273839,
      "precision": 0.9351081530782029,
      "recall": 0.9064516129032258,
      "f1": 0.9205569205569205,
      "roc_auc": 0.9939832384566729,
      "pr_auc": 0.9788588952215184,
      "specificity": 0.9852941176470589,
      "balanced_accuracy": 0.9458728652751424,
      "mcc": 0.9025046814149355,
      "tp": 562,
      "fp": 39,
      "fn": 58,
      "tn": 2613,
      "threshold": 0.9013567839195981,
      "brier_score": 0.028295766562223434,
      "ece": 0.02473001116684645,
      "expected_cost_f1_threshold": 3095000,
      "expected_cost_optimal_threshold": 1415000,
      "cost_saving_vs_f1": 1680000,
      "cost_optimal_threshold": 0.09547738693467336
    },
    "CNN1D": {
      "accuracy": 0.9602689486552567,
      "precision": 0.9224137931034483,
      "recall": 0.8629032258064516,
      "f1": 0.8916666666666667,
      "roc_auc": 0.9919032501338005,
      "pr_auc": 0.9697813858110041,
      "specificity": 0.9830316742081447,
      "balanced_accuracy": 0.9229674500072982,
      "mcc": 0.8680965349251538,
      "tp": 535,
      "fp": 45,
      "fn": 85,
      "tn": 2607,
      "threshold": 0.8816582914572865,
      "brier_score": 0.0357816107571125,
      "ece": 0.032647798520477014,
      "expected_cost_f1_threshold": 4475000,
      "expected_cost_optimal_threshold": 1550000,
      "cost_saving_vs_f1": 2925000,
      "cost_optimal_threshold": 0.01507537688442211
    },
    "RandomForest": {
      "accuracy": 0.9590464547677262,
      "precision": 0.9132653061224489,
      "recall": 0.8661290322580645,
      "f1": 0.8890728476821192,
      "roc_auc": 0.9897478470296307,
      "pr_auc": 0.9645248758302443,
      "specificity": 0.9807692307692307,
      "balanced_accuracy": 0.9234491315136476,
      "mcc": 0.8644381554518002,
      "tp": 537,
      "fp": 51,
      "fn": 83,
      "tn": 2601,
      "threshold": 0.5123115577889448,
      "brier_score": 0.03186247267556577,
      "ece": 0.023901680822318763,
      "expected_cost_f1_threshold": 4405000,
      "expected_cost_optimal_threshold": 1990000,
      "cost_saving_vs_f1": 2415000,
      "cost_optimal_threshold": 0.08040201005025126
    },
    "LogisticRegression": {
      "accuracy": 0.969437652811736,
      "precision": 0.8903903903903904,
      "recall": 0.9564516129032258,
      "f1": 0.9222395023328149,
      "roc_auc": 0.9950445190483141,
      "pr_auc": 0.9794538600050374,
      "specificity": 0.972473604826546,
      "balanced_accuracy": 0.9644626088648859,
      "mcc": 0.9041469825877576,
      "tp": 593,
      "fp": 73,
      "fn": 27,
      "tn": 2579,
      "threshold": 0.6945226130653267,
      "brier_score": 0.02702184909320209,
      "ece": 0.022882451589305602,
      "expected_cost_f1_threshold": 1715000,
      "expected_cost_optimal_threshold": 995000,
      "cost_saving_vs_f1": 720000,
      "cost_optimal_threshold": 0.06532663316582915
    }
  },
  "bootstrap_ci": {
    "LSTM": {
      "accuracy": {
        "mean": 0.970325183374083,
        "std": 0.002983905493027555,
        "lower": 0.9645476772616137,
        "upper": 0.9755501222493888
      },
      "precision": {
        "mean": 0.934938851902427,
        "std": 0.009667586180636427,
        "lower": 0.9147427676577331,
        "upper": 0.953670468102028
      },
      "recall": {
        "mean": 0.9062029575778567,
        "std": 0.011964756125214604,
        "lower": 0.882542142468733,
        "upper": 0.9297945068163592
      },
      "f1": {
        "mean": 0.9202870783467146,
        "std": 0.008053082550323621,
        "lower": 0.9050666721037394,
        "upper": 0.9346726735526091
      },
      "roc_auc": {
        "mean": 0.9940013121382671,
        "std": 0.0009637947788065854,
        "lower": 0.992016813590595,
        "upper": 0.9956617063839364
      },
      "pr_auc": {
        "mean": 0.9788515746743881,
        "std": 0.003052696463585334,
        "lower": 0.9728297639245536,
        "upper": 0.9843172977051136
      },
      "specificity": {
        "mean": 0.9852883636977943,
        "std": 0.002242489500845523,
        "lower": 0.9807721323764143,
        "upper": 0.989484052532833
      },
      "balanced_accuracy": {
        "mean": 0.9457456606378255,
        "std": 0.006094331906789919,
        "lower": 0.9335244897845683,
        "upper": 0.9574077614983767
      },
      "mcc": {
        "mean": 0.902266998876053,
        "std": 0.009731843124891284,
        "lower": 0.8833348764633129,
        "upper": 0.9195245027146999
      },
      "threshold": {
        "mean": 0.9013567839195978,
        "std": 2.220446049250313e-16,
        "lower": 0.9013567839195981,
        "upper": 0.9013567839195981
      }
    },
    "CNN1D": {
      "accuracy": {
        "mean": 0.9601338630806846,
        "std": 0.003455500614836604,
        "lower": 0.9530791564792176,
        "upper": 0.9666870415647921
      },
      "precision": {
        "mean": 0.9218895549023948,
        "std": 0.010916923565043223,
        "lower": 0.8991058003157657,
        "upper": 0.9413296464529051
      },
      "recall": {
        "mean": 0.8623350566147351,
        "std": 0.014298751723306925,
        "lower": 0.8349193359831658,
        "upper": 0.8899701257861635
      },
      "f1": {
        "mean": 0.8910333159950297,
        "std": 0.009545944967677557,
        "lower": 0.8727239634810046,
        "upper": 0.9101555535372449
      },
      "roc_auc": {
        "mean": 0.9918555654066203,
        "std": 0.001011936828984064,
        "lower": 0.989772549107857,
        "upper": 0.9937101092740506
      },
      "pr_auc": {
        "mean": 0.9695622803070967,
        "std": 0.0038026558156479856,
        "lower": 0.9620542439857174,
        "upper": 0.9764868667866792
      },
      "specificity": {
        "mean": 0.9829547348754596,
        "std": 0.0024584983921651705,
        "lower": 0.9779265842538585,
        "upper": 0.9873083956547847
      },
      "balanced_accuracy": {
        "mean": 0.9226448957450973,
        "std": 0.00723548732587995,
        "lower": 0.9093839740963713,
        "upper": 0.9363734078190676
      },
      "mcc": {
        "mean": 0.8674513197604159,
        "std": 0.011341606166941921,
        "lower": 0.8446142025999472,
        "upper": 0.8894497879194304
      },
      "threshold": {
        "mean": 0.8816582914572864,
        "std": 1.1102230246251565e-16,
        "lower": 0.8816582914572865,
        "upper": 0.8816582914572865
      }
    },
    "RandomForest": {
      "accuracy": {
        "mean": 0.9590036674816627,
        "std": 0.00349332307605023,
        "lower": 0.9517114914425427,
        "upper": 0.965158924205379
      },
      "precision": {
        "mean": 0.9131134249351014,
        "std": 0.011560687238198896,
        "lower": 0.8885187749224635,
        "upper": 0.93466809753653
      },
      "recall": {
        "mean": 0.8657479025446613,
        "std": 0.013558022483831944,
        "lower": 0.8391016219496584,
        "upper": 0.8908921707068329
      },
      "f1": {
        "mean": 0.8887127396636804,
        "std": 0.009144215333675522,
        "lower": 0.8697326317914553,
        "upper": 0.90547268685413
      },
      "roc_auc": {
        "mean": 0.9897089891771363,
        "std": 0.001213732624731616,
        "lower": 0.9872000812410413,
        "upper": 0.9919214506564555
      },
      "pr_auc": {
        "mean": 0.9643277304341289,
        "std": 0.004017422470944644,
        "lower": 0.9562272428813294,
        "upper": 0.9722076056130434
      },
      "specificity": {
        "mean": 0.9807645794627263,
        "std": 0.00276869153980951,
        "lower": 0.9749330562690836,
        "upper": 0.985964861909908
      },